Model Name,Color,Storage,SKU Code,Product Price,Original Price,Financing Option,Badge,Offers,Product Rating,Number of Ratings,Stock Status,Product URL
"Electric Freestanding Range

Thermal Oven with Steam Clean

 

6.3 cu.ft.",stainless steel,Default,NE63A6111SS/AC,"$1,049.99",Not Available,From $33.87/mo for 36 mos,PICK,None,4.4,430,In Stock,https://www.samsung.com/ca/cooking-appliances/range/ne5000a--ne63a6111ss-ne63a6111ss-ac/
"Electric Slide-In Range

Fan Convection | Air Fry

 

6.3 cu.ft.",silver,Default,NE63A6511SS/AC,"$1,199.99",Not Available,From $38.71/mo for 36 mos,PICK,None,4.5,2303,In Stock,https://www.samsung.com/ca/cooking-appliances/range/ne5000a--ne63a6511ss-ne63a6511ss-ac/
